Keyword;Search Volume;CPC;Competition
web design services;18100;10.2;0.07
web design and services;5400;10.2;0.07
web design service;3600;12.43;0.08
custom web design services;2400;8.87;0.07
responsive web design services;2400;0;0.04
web design services for small business;2400;12.96;0.16
ecommerce web design services;1900;12.17;0.06
web design and development services;1900;13.58;0.07
web design and seo services;1900;22.78;0.09
web design and ux services;1900;0;0
web design as a service;1900;10.2;0.07
web design services for beauty industry;1900;0;0
web design services near me;1900;11.35;0.1
affordable web design services;1600;10.43;0.05
web designing services;1600;12.43;0.08
wordpress web design services;1600;15.2;0.09
professional web design services;1300;12.22;0.09
seo web design services;1300;22.78;0.09
web design and it services;1300;10.2;0.07
web design services san diego;1300;9.45;0.1